x,y,z,type
484,76,8946,minecraft:lectern
484,76,8949,minecraft:bed
483,76,8949,minecraft:bed
511,74,8957,minecraft:campfire
510,74,8957,minecraft:campfire
509,74,8958,minecraft:bed
509,74,8957,minecraft:bed
508,74,8953,minecraft:bed
507,74,8954,minecraft:bed
506,74,8953,minecraft:bed
509,74,8955,minecraft:campfire
507,74,8955,minecraft:bed
525,74,8957,minecraft:campfire
512,74,8953,minecraft:campfire
513,74,8955,minecraft:campfire
515,74,8952,minecraft:campfire
512,74,8954,minecraft:bed
517,74,8956,minecraft:campfire
521,74,8952,minecraft:bed
522,74,8951,minecraft:campfire
516,74,8956,minecraft:bed
516,74,8955,minecraft:bed
524,74,8953,minecraft:bed
520,74,8957,minecraft:bed
520,74,8956,minecraft:bed
518,74,8958,minecraft:campfire
518,74,8957,minecraft:campfire
522,74,8952,minecraft:campfire
523,74,8951,minecraft:bed
523,74,8957,minecraft:campfire
527,74,8952,minecraft:bed
521,74,8958,minecraft:campfire
521,74,8957,minecraft:bed
509,74,8974,minecraft:campfire
511,74,8975,minecraft:bed
509,74,8964,minecraft:campfire
510,74,8962,minecraft:campfire
510,74,8961,minecraft:bed
507,74,8964,minecraft:campfire
511,74,8960,minecraft:bed
509,74,8962,minecraft:bed
509,74,8967,minecraft:bed
508,74,8968,minecraft:campfire
511,74,8964,minecraft:bed
509,74,8965,minecraft:campfire
510,74,8970,minecraft:campfire
511,74,8967,minecraft:campfire
509,74,8969,minecraft:campfire
518,74,8967,minecraft:bed
524,74,8960,minecraft:campfire
522,74,8961,minecraft:bed
519,74,8964,minecraft:campfire
514,74,8968,minecraft:campfire
515,74,8967,minecraft:bed
515,74,8974,minecraft:bed
514,74,8975,minecraft:bed
518,74,8971,minecraft:bed
524,74,8964,minecraft:bed
520,74,8966,minecraft:bed
519,74,8967,minecraft:bed
523,74,8963,minecraft:campfire
515,74,8971,minecraft:campfire
525,74,8968,minecraft:campfire
526,74,8964,minecraft:bed
519,74,8971,minecraft:campfire
526,74,8971,minecraft:campfire
520,74,8974,minecraft:bed
524,74,8970,minecraft:bed
525,74,8969,minecraft:bed
527,74,8974,minecraft:bed
526,74,8975,minecraft:campfire
527,74,8973,minecraft:campfire
527,74,8971,minecraft:campfire
515,74,8962,minecraft:bed
512,74,8964,minecraft:bed
513,74,8961,minecraft:campfire
516,74,8965,minecraft:campfire
519,74,8961,minecraft:campfire
517,74,8962,minecraft:bed
531,74,8962,minecraft:bed
532,74,8961,minecraft:campfire
530,74,8962,minecraft:campfire
530,74,8960,minecraft:campfire
528,74,8962,minecraft:campfire
533,74,8964,minecraft:campfire
529,74,8968,minecraft:bed
532,74,8963,minecraft:bed
532,74,8962,minecraft:bed
529,74,8971,minecraft:bed
533,74,8972,minecraft:campfire
531,74,8974,minecraft:campfire
530,74,8975,minecraft:campfire
532,74,8972,minecraft:bed
529,74,8974,minecraft:campfire
528,74,8975,minecraft:campfire
532,74,8970,minecraft:bed
533,74,8975,minecraft:campfire
528,74,8957,minecraft:campfire
528,74,8956,minecraft:bed
529,74,8955,minecraft:campfire
529,74,8954,minecraft:campfire
533,74,8956,minecraft:campfire
533,74,8955,minecraft:bed
532,74,8955,minecraft:campfire
530,74,8956,minecraft:campfire
533,74,8957,minecraft:bed
531,74,8959,minecraft:bed
471,87,8898,minecraft:dropper
467,87,8902,minecraft:banner
468,87,8901,minecraft:banner
467,87,8903,minecraft:banner
471,89,8898,minecraft:banner
470,87,8898,minecraft:jukebox
469,78,8896,minecraft:banner
467,87,8904,minecraft:banner
469,78,8899,minecraft:banner
465,78,8904,minecraft:banner
469,78,8900,minecraft:banner
469,78,8897,minecraft:banner
471,78,8896,minecraft:brewing_stand
469,78,8898,minecraft:banner
471,75,8896,minecraft:brewing_stand
466,78,8904,minecraft:banner
474,78,8903,minecraft:banner
477,78,8904,minecraft:banner
474,78,8904,minecraft:banner
478,78,8904,minecraft:banner
470,89,8898,minecraft:banner
485,81,8898,minecraft:sign
495,83,8907,minecraft:sign
491,81,8896,minecraft:jukebox
488,77,8896,minecraft:banner
485,81,8900,minecraft:sign
484,78,8904,minecraft:banner
482,78,8904,minecraft:banner
488,77,8897,minecraft:banner
483,78,8904,minecraft:banner
498,83,8907,minecraft:sign
497,82,8907,minecraft:sign
509,90,8904,minecraft:banner
496,83,8907,minecraft:sign
497,83,8907,minecraft:sign
496,82,8907,minecraft:sign
510,90,8904,minecraft:banner
543,90,8905,minecraft:banner
542,90,8905,minecraft:banner
516,90,8904,minecraft:banner
517,90,8904,minecraft:banner
514,90,8904,minecraft:banner
515,90,8904,minecraft:banner
529,74,8976,minecraft:bed
530,74,8976,minecraft:bed
552,91,8901,minecraft:banner
547,90,8905,minecraft:banner
548,90,8905,minecraft:banner
552,91,8899,minecraft:banner
552,91,8900,minecraft:banner
546,90,8905,minecraft:banner
551,90,8905,minecraft:banner
460,77,8900,minecraft:banner
460,77,8896,minecraft:banner
515,90,8893,minecraft:banner
520,89,8885,minecraft:sign
513,90,8893,minecraft:banner
514,90,8893,minecraft:banner
517,90,8893,minecraft:banner
518,90,8893,minecraft:banner
524,89,8891,minecraft:sign
514,89,8885,minecraft:sign
541,90,8893,minecraft:banner
542,89,8891,minecraft:sign
534,89,8890,minecraft:banner
544,90,8893,minecraft:banner
545,90,8893,minecraft:banner
496,89,8891,minecraft:sign
511,90,8893,minecraft:banner
497,76,8893,minecraft:sign
509,90,8893,minecraft:banner
496,77,8893,minecraft:sign
510,90,8893,minecraft:banner
496,76,8893,minecraft:sign
497,77,8893,minecraft:sign
506,89,8891,minecraft:sign
463,101,8888,minecraft:bed
452,89,8891,minecraft:sign
451,89,8891,minecraft:sign
449,83,8891,minecraft:sign
453,83,8893,minecraft:chest
459,89,8891,minecraft:sign
457,76,8885,minecraft:sign
453,81,8894,minecraft:chest
456,83,8891,minecraft:sign
453,82,8893,minecraft:chest
453,83,8894,minecraft:chest
453,81,8893,minecraft:chest
453,82,8894,minecraft:chest
455,76,8891,minecraft:sign
463,78,8893,minecraft:banner
461,78,8893,minecraft:banner
462,78,8893,minecraft:banner
468,77,8891,minecraft:sign
464,101,8888,minecraft:bed
465,78,8893,minecraft:banner
469,78,8895,minecraft:banner
471,78,8894,minecraft:brewing_stand
471,75,8894,minecraft:brewing_stand
471,75,8895,minecraft:brewing_stand
471,75,8893,minecraft:brewing_stand
475,77,8891,minecraft:sign
479,78,8893,minecraft:banner
474,76,8894,minecraft:brewing_stand
478,78,8893,minecraft:banner
471,90,8894,minecraft:banner
470,83,8885,minecraft:sign
476,83,8885,minecraft:sign
464,78,8893,minecraft:banner
471,90,8895,minecraft:banner
469,83,8891,minecraft:sign
491,76,8881,minecraft:sign
490,75,8881,minecraft:sign
481,78,8893,minecraft:banner
491,75,8881,minecraft:sign
484,89,8891,minecraft:sign
486,81,8882,minecraft:sign
488,77,8895,minecraft:banner
488,76,8893,minecraft:brewing_stand
488,81,8882,minecraft:sign
490,76,8881,minecraft:sign
480,78,8893,minecraft:banner
434,46,8975,minecraft:chest
432,46,8976,minecraft:mob_spawner
497,80,8867,minecraft:sign
497,92,8868,minecraft:sign
496,86,8868,minecraft:sign
497,86,8868,minecraft:sign
522,75,8873,minecraft:sign
523,75,8873,minecraft:sign
534,89,8868,minecraft:sign
534,89,8878,minecraft:sign
552,88,8867,minecraft:campfire
446,83,8890,minecraft:banner
442,90,8870,minecraft:banner
442,90,8871,minecraft:banner
442,90,8868,minecraft:banner
442,90,8869,minecraft:banner
442,90,8874,minecraft:banner
443,90,8874,minecraft:banner
446,90,8874,minecraft:banner
444,90,8874,minecraft:banner
445,90,8874,minecraft:banner
460,89,8877,minecraft:sign
460,83,8877,minecraft:sign
460,76,8872,minecraft:sign
454,89,8865,minecraft:banner
455,91,8874,minecraft:banner
458,90,8870,minecraft:banner
456,91,8874,minecraft:banner
454,89,8874,minecraft:banner
458,90,8871,minecraft:banner
458,90,8868,minecraft:banner
454,91,8874,minecraft:banner
458,90,8869,minecraft:banner
460,89,8866,minecraft:sign
457,89,8874,minecraft:banner
460,83,8866,minecraft:sign
457,91,8874,minecraft:banner
455,89,8874,minecraft:banner
458,90,8872,minecraft:banner
456,89,8874,minecraft:banner
458,90,8873,minecraft:banner
493,72,8875,minecraft:sign
488,81,8874,minecraft:sign
484,81,8878,minecraft:sign
487,81,8878,minecraft:sign
488,81,8877,minecraft:sign
494,76,8872,minecraft:sign
493,71,8869,minecraft:sign
493,74,8875,minecraft:sign
493,73,8875,minecraft:sign
494,75,8873,minecraft:sign
430,46,8978,minecraft:chest
590,20,9012,minecraft:chest
467,77,8851,minecraft:skull
468,76,8851,minecraft:hopper
468,76,8855,minecraft:hopper
493,85,8848,minecraft:ender_chest
496,91,8848,minecraft:sign
497,91,8848,minecraft:sign
500,85,8848,minecraft:ender_chest
546,90,8856,minecraft:banner
549,90,8856,minecraft:banner
548,90,8856,minecraft:banner
546,90,8849,minecraft:banner
545,90,8849,minecraft:banner
548,90,8849,minecraft:banner
547,90,8849,minecraft:banner
552,90,8849,minecraft:banner
545,90,8856,minecraft:banner
551,90,8849,minecraft:banner
540,90,8849,minecraft:banner
539,90,8849,minecraft:banner
534,89,8853,minecraft:sign
542,90,8849,minecraft:banner
541,90,8849,minecraft:banner
539,90,8856,minecraft:banner
528,89,8851,minecraft:sign
540,90,8856,minecraft:banner
543,90,8856,minecraft:banner
542,90,8856,minecraft:banner
403,24,9032,minecraft:mob_spawner
584,26,9027,minecraft:mob_spawner
578,15,8846,minecraft:chest
580,15,8846,minecraft:mob_spawner
592,20,9013,minecraft:mob_spawner
495,91,8847,minecraft:sign
505,86,8846,minecraft:sign
496,91,8846,minecraft:sign
497,91,8846,minecraft:sign
498,91,8847,minecraft:sign
542,31,9045,minecraft:mob_spawner
564,39,8827,minecraft:mob_spawner
456,80,8824,minecraft:bell
458,82,8824,minecraft:bell
458,80,8824,minecraft:bell
462,74,8819,minecraft:sign
462,74,8818,minecraft:sign
462,75,8819,minecraft:sign
453,82,8824,minecraft:bell
455,82,8824,minecraft:bell
453,80,8824,minecraft:bell
455,80,8824,minecraft:bell
456,82,8824,minecraft:bell
410,76,8805,minecraft:sign
468,76,8814,minecraft:banner
471,75,8815,minecraft:sign
557,47,8814,minecraft:mob_spawner
382,22,9085,minecraft:mob_spawner
428,46,9080,minecraft:mob_spawner
426,46,9079,minecraft:chest
430,46,9080,minecraft:chest
587,25,9081,minecraft:mob_spawner
611,25,9075,minecraft:mob_spawner
592,25,9075,minecraft:mob_spawner
613,25,8785,minecraft:chest
410,75,8791,minecraft:sign
471,75,8785,minecraft:sign
480,75,8785,minecraft:sign
484,74,8784,minecraft:sign
563,24,9090,minecraft:mob_spawner
668,29,9061,minecraft:mob_spawner
402,74,8780,minecraft:sign
430,22,8776,minecraft:chest
425,22,8774,minecraft:chest
427,22,8776,minecraft:mob_spawner
461,44,8771,minecraft:chest
463,44,8772,minecraft:mob_spawner
473,76,8777,minecraft:banner
473,76,8778,minecraft:banner
484,74,8783,minecraft:sign
613,25,8783,minecraft:mob_spawner
377,24,9109,minecraft:mob_spawner
424,74,8764,minecraft:sign
328,51,8929,minecraft:chest
330,51,8928,minecraft:mob_spawner
331,51,8930,minecraft:chest
309,70,8824,minecraft:mob_spawner
312,70,8826,minecraft:chest
549,13,8629,minecraft:chest
548,13,8627,minecraft:mob_spawner
231,38,8657,minecraft:mob_spawner
229,38,8658,minecraft:chest
233,38,8654,minecraft:chest
222,15,8876,minecraft:mob_spawner
223,15,8873,minecraft:chest
221,15,8879,minecraft:chest
538,17,9181,minecraft:mob_spawner
433,21,9207,minecraft:mob_spawner
498,21,9205,minecraft:mob_spawner
480,13,9245,minecraft:mob_spawner
689,35,9007,minecraft:mob_spawner
713,34,8941,minecraft:mob_spawner
491,75,8885,minecraft:sign
862,42,8967,minecraft:mob_spawner
859,42,8968,minecraft:chest
711,24,9214,minecraft:chest
710,24,9220,minecraft:chest
710,24,9217,minecraft:mob_spawner
812,11,9279,minecraft:chest
843,92,9090,minecraft:command_block
640,16,9282,minecraft:mob_spawner
814,11,9281,minecraft:mob_spawner
517,9,9287,minecraft:mob_spawner
477,13,9250,minecraft:mob_spawner
458,16,9283,minecraft:mob_spawner
441,35,9262,minecraft:chest
440,35,9259,minecraft:chest
438,35,9261,minecraft:mob_spawner
511,76,8941,minecraft:command_block
511,76,8941,minecraft:command_block
511,76,8941,minecraft:command_block
837,18,8733,minecraft:chest
833,18,8732,minecraft:chest
835,18,8734,minecraft:mob_spawner
841,48,8625,minecraft:chest
838,48,8626,minecraft:mob_spawner
836,48,8624,minecraft:chest
218,41,9094,minecraft:chest
217,41,9097,minecraft:mob_spawner
216,41,9100,minecraft:chest
