x,y,z,uuid,type,alive,display_name,custom_name
497.73751857156714,77.77116525328815,8928.71516165182,0a060f59-4747-4329-81f7-0525db19b0fd,minecraft:chicken,true,oddawaj palenie hubi d,oddawaj palenie hubi d
472.1779127550428,75.0,8900.70544792624,219ea8a4-bc92-4be2-944c-814a654377e7,minecraft:witch,true,Jadwisia,Jadwisia
544.2862187048046,76.0,8979.7523027599,c240d814-5035-423a-9084-06cf0ce29c59,minecraft:pig,true,Pig,[null]
536.7060654381106,76.0,8983.495807622685,93f8cd7d-088e-454f-983f-db71745bd5c4,minecraft:chicken,true,Chicken,[null]
547.6999999880791,87.0,8882.699999988079,18e684ae-f53e-48d3-a107-8aaed8c975e3,minecraft:iron_golem,true,Mariusz M,Mariusz M
458.1555288495493,81.0,8882.699999988079,01102bc7-04a4-4f44-9c79-481676339d90,minecraft:iron_golem,true,łukasz tatarczak,łukasz tatarczak
551.5329470014661,88.0,8867.732446309261,70b6d900-ebc3-4d20-89d6-9735f99ed793,minecraft:witch,true,senderska,senderska
347.55000001192093,77.0,8975.527926970886,978e0e2a-afed-4b6b-85d9-9781a442ce37,minecraft:pig,true,Pig,[null]
405.0596592540038,76.0,8763.52790658206,c10afcd1-e954-4d0d-b104-81dc1f11d616,minecraft:chicken,true,Chicken,[null]
359.4418645831444,78.0,8872.795294487563,523cdd42-1a6d-453e-b896-1c36d0c23f1c,minecraft:sheep,true,Sheep,[null]
348.0539209063702,78.0,8870.868602210438,78823f8e-eed2-499b-944e-f6db2d900cc5,minecraft:chicken,true,Chicken,[null]
357.71265864547354,78.0,8870.78728682246,7c718f6a-7e31-453d-9eea-e2bd4c83b93f,minecraft:sheep,true,Sheep,[null]
333.69849754593065,82.0,9028.62155845283,08fe652d-2c12-478d-bf0a-846d3301ef35,minecraft:chicken,true,Chicken,[null]
347.1056500775966,88.0,9058.329699901546,35081183-b980-4443-88f1-6735920bf29a,minecraft:chicken,true,Chicken,[null]
343.8645740611719,78.0,8906.845294894552,217bb0c1-0bfb-423c-9dc9-d2ace6f43e59,minecraft:chicken,true,Chicken,[null]
348.7876956142019,78.0,8884.787020804713,af47fd97-a090-43b2-a680-c4aab7aae7d2,minecraft:pig,true,Pig,[null]
334.81519133273457,77.0,8952.159872858692,7eed3476-b5e3-4026-9575-32ff15b4086d,minecraft:chicken,true,Chicken,[null]
419.82364795665717,77.0,9060.576255221034,4b4a2c90-3d82-4dd8-a2cf-6f681c02b082,minecraft:chicken,true,Chicken,[null]
502.5143155368564,76.0,9088.251182732822,20d95351-f2d6-4fa0-b92a-caa73f949f36,minecraft:chicken,true,Chicken,[null]
293.8612690731564,94.0,9004.399492184362,78dbef94-bb77-4d42-b467-b88644fce3cd,minecraft:chicken,true,Chicken,[null]
504.3858930820779,86.0,8656.601492747828,c41b1545-ffb9-45eb-9b05-210c8efc9e3a,minecraft:wolf,true,Wolf,[null]
518.1346649862778,79.0,8649.859068843509,53fcbb18-8f4b-424f-930c-58b1b779406c,minecraft:wolf,true,Wolf,[null]
386.1516593454449,100.0,8648.499710353497,6b00c178-5533-4586-9ece-27370a823215,minecraft:wolf,true,Wolf,[null]
388.2719459673935,100.0,8643.7245678917,bb9de5e1-6539-444c-9383-b83ec388ce1f,minecraft:pig,true,Pig,[null]
495.28215557619205,101.0,8645.738401070079,cd2c246a-1daa-49fe-bcd4-be12e9cd7c9a,minecraft:wolf,true,Wolf,[null]
491.04284613200394,102.0,8648.539276854233,1d2b8857-586d-4873-b090-4f77117cd5e5,minecraft:chicken,true,Chicken,[null]
572.3191716397662,75.0,8627.743757114955,6cafda8a-fc58-4eed-9ba8-a589244f26cb,minecraft:ender_dragon,true,Ender Dragon,[null]
572.3191716397662,74.0,8621.243757114955,0160a45c-0b21-4bcc-b3f9-5ff714f13799,minecraft:ender_dragon,true,Ender Dragon,[null]
572.3191716397662,74.0,8622.243757114955,718b616c-4982-40ce-a5dd-11769e78a650,minecraft:ender_dragon,true,Ender Dragon,[null]
572.3191716397662,75.0,8627.243757114955,7da0b703-9670-499f-8b57-96a941869e04,minecraft:ender_dragon,true,Ender Dragon,[null]
572.3191716397662,76.5,8631.243757114955,86d34ad4-923c-4fd5-bf48-fc9cb1e1a6fc,minecraft:ender_dragon,true,Ender Dragon,[null]
572.3191716397662,76.5,8633.243757114955,55dceeed-ba22-417d-8599-81461cda436e,minecraft:ender_dragon,true,Ender Dragon,[null]
572.3191716397662,76.5,8635.243757114955,41f680dc-7c85-4ff9-87b3-82c45338d9d0,minecraft:ender_dragon,true,Ender Dragon,[null]
576.8191716397662,77.0,8627.743757114955,b3742390-f8c5-4b27-a02e-630bb132c00c,minecraft:ender_dragon,true,Ender Dragon,[null]
567.8191716397662,77.0,8627.743757114955,beb7857d-b1f0-4ae7-b4dd-e191f8245f2b,minecraft:ender_dragon,true,Ender Dragon,[null]
547.4741427199465,76.0,9161.06586380806,9c244f8e-d7e6-490d-88a5-7521dc3cb40e,minecraft:sheep,true,Sheep,[null]
569.6436876846644,74.0,9169.17936096885,e8a2f857-a8fb-4a31-8771-b77f8f3a403a,minecraft:horse,true,Horse,[null]
579.1830321338736,72.0,9176.892227581337,6123e1be-5909-4c94-b043-fc6a697ea5f4,minecraft:horse,true,Horse,[null]
579.7808741723493,72.0,9170.691369957109,62d8b2a1-f9c6-41e9-8011-8aa1ff701647,minecraft:horse,true,Horse,[null]
545.2253178768286,77.0,9193.51148125592,55d0c19e-6add-41a7-b676-72c651dd454d,minecraft:cow,true,Cow,[null]
525.3972467352149,70.0,9197.587911167506,30091917-47f2-4a80-a016-beef11b17ac2,minecraft:cow,true,Cow,[null]
331.4876952409783,76.0,9196.448486593461,7ca1096f-9ff0-454b-9faf-0e55a11d2085,minecraft:pig,true,Pig,[null]
307.609109562916,105.0,9179.643431930172,77a68f65-af8f-4092-be37-3a470046cd32,minecraft:pig,true,Pig,[null]
306.44035818115265,101.0,9171.492326992333,91cb3716-bcb0-4be1-9da8-b64f1dd4dc31,minecraft:pig,true,Pig,[null]
304.8623605883744,103.0,9175.478101384275,99407e78-acda-4925-805f-65133c526454,minecraft:pig,true,Pig,[null]
560.2088645354534,75.0,9213.639137569955,69562b5a-f2b8-4c20-916a-4e679fec1cfc,minecraft:chicken,true,Chicken,[null]
523.4695623674484,70.0,9200.56844325587,5c5a0e50-911c-40fa-8f55-6348a1e0812b,minecraft:cow,true,Cow,[null]
592.2902114705237,75.0,9227.449999988079,764b4cad-3f3c-4499-a3d2-11ae37785537,minecraft:sheep,true,Sheep,[null]
568.4870697293702,76.25220334025373,9232.155223273676,088e6a46-99c5-47b2-81e0-66dddd8bc74d,minecraft:chicken,true,Chicken,[null]
533.2356620313873,69.0,9234.703221926957,6b53cf3a-2d7b-48c8-be8d-faf0184ba9dc,minecraft:pig,true,Pig,[null]
519.0011881452419,68.0,9240.669695627661,729ad5c0-3b03-4ab4-af93-479848483571,minecraft:pig,true,Pig,[null]
731.1205171160698,74.0,8809.013566391259,195590c5-4f29-4a96-840e-4bb7a3d4ba94,minecraft:pig,true,Pig,[null]
713.5079032269043,69.0,8779.499652453203,28a033d5-fef6-447c-b98f-0a30114d7ee9,minecraft:cow,true,Cow,[null]
730.7442463152562,86.0,9062.2985487093,e7d78bad-5590-4426-ada2-c54aebc105e8,minecraft:chicken,true,Chicken,[null]
719.7866754293082,77.0,8822.727768941708,c4d1c20c-bb01-4e97-8c16-f3baee74c733,minecraft:pig,true,Pig,[null]
734.2550710119501,66.0,8856.257628177793,5423f486-9cff-4f29-8a00-78e64ce2e70e,minecraft:pig,true,Pig,[null]
729.6549621730684,64.0,8771.168070745467,1bbbb68e-4d09-4582-8bd2-a51262eae7c5,minecraft:cow,true,Cow,[null]
730.5100010989557,68.0,8757.784503416202,9b966b09-624f-420d-8783-cd35f4e1c562,minecraft:cow,true,Cow,[null]
742.2000000029802,66.0,8918.54774628698,5f3ffbeb-4e43-4873-9b89-b43d62311b6e,minecraft:rabbit,true,Rabbit,[null]
753.0972561455532,81.0,9055.311886465779,279aad32-ddf8-4303-90d6-9cf923dcb349,minecraft:chicken,true,Chicken,[null]
758.325972736362,68.0,8867.32624072163,8d488083-ab8e-48ba-985f-ea7b167ad4f1,minecraft:rabbit,true,Rabbit,[null]
759.7968971778213,65.0,8885.489037117432,0323c6e5-246a-41c9-8fcc-5a46ba59a6f8,minecraft:rabbit,true,Rabbit,[null]
787.5055718704141,68.0,8949.947716747703,8c7b64b4-e8f6-41f0-9db3-ad7ae1a2ad28,minecraft:wolf,true,Wolf,[null]
785.5283510018962,67.0,8947.171130912897,9566a537-2d01-4e63-bf6a-034f629b2751,minecraft:wolf,true,Wolf,[null]
790.8585309025437,68.0,8948.859490435085,8fdd7ec9-105a-47d6-b70f-1d45b7305cba,minecraft:wolf,true,Wolf,[null]
785.084012772386,64.0,8915.997659535695,5c8e9b8f-745b-4beb-8707-0b4134eaca84,minecraft:wolf,true,Wolf,[null]
790.2134644158338,64.0,8915.939395540277,77406cc3-21dd-4738-aae1-0b5f989ff503,minecraft:wolf,true,Wolf,[null]
787.7460581417306,64.0,8922.789464022877,bd11034b-1ab2-475a-850a-53cb00d972d3,minecraft:wolf,true,Wolf,[null]
788.4827379738377,64.0,8927.771237471703,d2ee7a85-963c-4537-bea5-ffe84c0ce6c9,minecraft:wolf,true,Wolf,[null]
799.5118612798857,72.0,9091.939760597075,3c68412a-68d1-4db2-90ad-2d2f5564072b,minecraft:cow,true,Cow,[null]
678.3145214263056,62.50624310349648,8664.818179880089,0f5993ef-d919-4690-ba94-3471edbbf4b2,minecraft:donkey,true,Donkey,[null]
490.5,84.5,8868.5,6e918a1d-086d-41f2-93c4-64937e1df88f,minecraft:armor_stand,true,Armor Stand,[null]
679.2087920371365,63.0,8641.580556880934,0d250eca-5771-44f4-af0c-aeb81c7f4331,minecraft:sheep,true,Sheep,[null]
682.5976444309113,63.0,8638.595290085417,9d67ab24-cef5-49e3-806b-2fe612a0ae71,minecraft:sheep,true,Sheep,[null]
629.2284114659695,63.0,8607.228028629348,40dc562e-a9d1-497b-ba98-f01025decbcf,minecraft:fox,true,Fox,[null]
653.8712153945679,68.0,8587.131644823952,d3c95fc9-d7e2-4660-a946-ac52d1a71120,minecraft:cow,true,Cow,[null]
654.1972892927162,70.0,8589.50821689045,bd3c1dba-7002-4dd1-aa9a-4729017dc4e8,minecraft:cow,true,Cow,[null]
490.03125,75.5,8882.5,ed862431-90d0-4c88-b2d3-9ee25a770fab,minecraft:item_frame,true,Item Frame,[null]
490.03125,76.5,8882.5,08e6eb79-9a96-4cc5-b8b8-182d7b21e51b,minecraft:item_frame,true,Item Frame,[null]
300.81988127715397,81.0,9190.752161805514,dea18301-428b-4dbb-80f4-ee1bf0934470,minecraft:chicken,true,Chicken,[null]
303.88173091781607,102.0,9172.76868249134,2d1d98f4-783b-4ffc-9614-c6da17a9e596,minecraft:pig,true,Pig,[null]
802.6323612807098,69.0,9043.67822330857,4a38bb41-e2ee-41fa-9b4b-4eb86533404d,minecraft:sheep,true,Sheep,[null]
809.4890362681313,67.0,9045.170304346566,7cf7e3c5-d23c-463c-abc1-ec3e4d6cd060,minecraft:rabbit,true,Rabbit,[null]
834.8007218571599,75.0,9042.891841305023,5b7e3f07-8068-4e06-955f-f38ff5baf040,minecraft:chicken,true,Chicken,[null]
823.5326209339102,73.0,9036.586115799415,129412b9-6c1b-4bdd-b3df-0b6077c65f2e,minecraft:chicken,true,Chicken,[null]
833.4589460099236,66.0,9015.039575982255,39ae7caf-815e-4e76-8eef-9ce377980a35,minecraft:chicken,true,Chicken,[null]
820.567263083697,72.0,9033.512886893182,7731e297-8820-4df4-aea7-46d2c72a2369,minecraft:chicken,true,Chicken,[null]
831.5841209729588,65.0,9013.54101403384,a8eae069-7d3b-4af3-ad98-be465e1eaddc,minecraft:sheep,true,Sheep,[null]
680.9838643596172,63.0,9170.986516222192,69d7cc7f-7232-4ed4-af95-cc098dd214c9,minecraft:horse,true,Horse,[null]
674.2013883710084,71.0,9261.436776382407,f8f3624e-f559-48a7-9c89-683ba389a192,minecraft:cow,true,Cow,[null]
697.4826375414377,68.0,9251.564781951827,a2e099e4-39b3-41e1-afd3-a673fc752598,minecraft:chicken,true,Chicken,[null]
699.1238996520191,67.0,9262.877290749959,864ca0d0-0539-46af-9bc3-652b35774005,minecraft:chicken,true,Chicken,[null]
695.1579013734611,72.0,9271.192607987668,ef0a677b-9a5a-4ca4-9a0b-7646a03a18aa,minecraft:chicken,true,Chicken,[null]
673.8603243800644,71.0,9276.2027734715,dbb93591-8e4a-4f44-96fe-23e0bfa15ef3,minecraft:cow,true,Cow,[null]
685.8237869030927,72.0,9264.858592408926,ad701d0a-914d-4710-a210-973d63220518,minecraft:chicken,true,Chicken,[null]
819.125,62.521129875117815,9073.958155420567,e5c0f67e-af1c-428f-a62a-a5ba3751da87,minecraft:item,true,Steak,[null]
806.7491271777965,62.48973770505708,9110.848165149322,94ec4498-ac65-4b7a-aa27-b167f7b8e7ce,minecraft:experience_orb,true,Experience Orb,[null]
683.1672074455334,71.0,9281.208054244142,6b145621-6adf-4b8d-9938-7941a43a53ed,minecraft:sheep,true,Sheep,[null]
770.1038916455541,80.0,9283.487671422079,682afdf8-9ff6-4f81-a09f-c5e3a17d077e,minecraft:sheep,true,Sheep,[null]
625.2015879865427,72.0,9294.505799236618,ced69825-baf8-43ac-a098-1d2ea40b70fb,minecraft:cow,true,Cow,[null]
804.6468545889263,64.0,9120.601470999722,83e001be-a89d-472c-ba75-0fb575b7c739,minecraft:item,true,Leather,[null]
804.3798655008084,64.0,9121.9425686205,2bd1c72a-e1a1-49d3-9acc-acfa6c13a179,minecraft:item,true,Steak,[null]
790.1453850949721,62.35744964202164,9145.744896763135,cfadfba8-dd37-48bc-bbe3-f279009cca47,minecraft:experience_orb,true,Experience Orb,[null]
611.0364145006328,68.0,9259.821585217289,c954a1e0-04ce-483b-bd85-86307941183a,minecraft:sheep,true,Sheep,[null]
622.7692562137574,75.0,9280.550000011921,d79b446f-3c63-4407-ac6f-2d38a4dd33dc,minecraft:cow,true,Cow,[null]
623.8889442678369,74.0,9282.49376457792,91f945eb-9ff4-49a0-a1b0-e980d683e4bf,minecraft:cow,true,Cow,[null]
566.5291805417224,75.0,9248.410458027513,bbafbb2a-d753-4f22-9e5b-8d06c6211876,minecraft:chicken,true,Chicken,[null]
561.1659822618416,74.0,9272.18900033755,75ccc674-06c4-4922-8783-9f1216183de2,minecraft:chicken,true,Chicken,[null]
548.2976576412432,76.0,9262.977867087486,bb1d86ef-23e9-4d76-bbdb-ed98c7cdc975,minecraft:chicken,true,Chicken,[null]
551.9265839607057,76.0,9264.845819367654,a53935ef-9332-4e6d-a538-0b78bc4570c9,minecraft:chicken,true,Chicken,[null]
556.152542631894,74.0,9274.717724204611,9a23d196-5504-47b8-b167-faade8ea169c,minecraft:chicken,true,Chicken,[null]
544.270408287294,76.0,9272.243627018175,87a33995-6b75-4503-b2f4-68bfc227c1b4,minecraft:chicken,true,Chicken,[null]
532.7915360598863,68.0,9251.725053668306,1f92165f-8e03-4ce2-a775-f723d08a250b,minecraft:pig,true,Pig,[null]
538.727220589762,73.0,9272.717198660732,56cacb8c-9048-441e-b104-6920066fae6a,minecraft:chicken,true,Chicken,[null]
521.6753465195928,67.0,9250.24628635275,d97c8854-38b4-41bd-9953-ae68005bb4b4,minecraft:pig,true,Pig,[null]
469.3598704790654,68.0,9285.942295710505,3c982b58-0c18-4dfe-b620-5708b2aa01fa,minecraft:pig,true,Pig,[null]
475.9175905035956,69.0,9293.336343680086,2ff70904-59a2-41e3-b973-8fd92a0f0506,minecraft:pig,true,Pig,[null]
476.14041548153375,69.0,9291.797768767065,ff84988f-76b0-4f6c-9d8c-5ffaba2e2eec,minecraft:pig,true,Pig,[null]
477.37928805554003,69.0,9290.740001174114,d73f711c-c6c2-4308-89dc-c9aa7f4d30ed,minecraft:pig,true,Pig,[null]
476.87376880400495,69.0,9293.612932833968,39784257-b701-44ca-903e-fdcc812ab2a2,minecraft:cow,true,Cow,[null]
474.55000001192093,68.0,9289.996780856829,023b61ee-158b-4d67-9786-1f1f2a147d89,minecraft:cow,true,Cow,[null]
478.03276907073376,69.0,9289.069380781973,98191314-f45c-41e5-a4b9-5fca4648471a,minecraft:cow,true,Cow,[null]
466.2034755940676,68.0,9291.425079391387,0f4273c0-9f40-45e4-b1f1-dc78368418ce,minecraft:horse,true,Horse,[null]
466.26780503066817,68.0,9292.88610692497,14ce9a2a-79ea-46d2-8a84-8873dc6e82e8,minecraft:horse,true,Horse,[null]
468.8338119124022,68.0,9289.163065597908,f84d3629-eff9-4128-b452-afd2259279b7,minecraft:horse,true,Horse,[null]
465.2482818962392,68.0,9290.1336187563,e6cacc7b-26eb-4232-8f58-0b00c9d5a7aa,minecraft:horse,true,Horse,[null]
387.27763717097275,78.0,9253.50333503916,1c6b9c37-2230-46fb-8a61-38f31d53251d,minecraft:sheep,true,Sheep,[null]
760.7297416286372,71.0,8724.55996993289,9ed962f6-6ea3-442e-a283-fed9dbbfc87d,minecraft:cow,true,Cow,[null]
763.5252393034618,71.0,8723.992495767481,7c36319e-568b-46aa-9ddd-2deeea0c0ef8,minecraft:cow,true,Cow,[null]
761.0398234333206,71.0,8727.000559555101,2d839779-37f1-4882-8add-cedfaf18b85a,minecraft:cow,true,Cow,[null]
760.2068150490793,72.0,8720.824700572306,89e6ecf7-d3df-4835-be78-2513ce37efcd,minecraft:cow,true,Cow,[null]
861.6648216632085,86.0,8748.10102579077,d046c379-977c-4fb0-8ebe-87f531a2c084,minecraft:pig,true,Pig,[null]
808.4911677734364,69.0,8625.227070252116,351cb239-4725-40d1-9244-d9a01986bbbd,minecraft:pig,true,Pig,[null]
810.3121308875712,69.0,8628.771320658241,4fb7d0c3-5d95-4cdb-b4ff-780e6c479b4f,minecraft:pig,true,Pig,[null]
809.6282865502542,69.0,8624.010576282066,4d3cc6fd-f43e-4d62-a85f-061b95ba52f8,minecraft:pig,true,Pig,[null]
812.2319712773746,69.0,8625.589190424887,d4150884-434d-41c8-8bc2-c303be92ecfc,minecraft:pig,true,Pig,[null]
808.4986227452988,70.0,8633.107917086465,0d30b6a2-1308-4061-8624-d77c5b88d098,minecraft:pig,true,Pig,[null]
809.3314349603529,69.0,8629.698045026027,4419fe13-9113-48df-a646-9a6c151e4434,minecraft:pig,true,Pig,[null]
498.1342848594848,84.0,8851.957155720032,da8eddca-a2b8-3332-9ddc-2e13bf3d606a,minecraft:player,true,kspalaiologos,[null]
536.7306145030046,76.0,8983.728348827584,11c0d4f6-9bab-439a-87d8-898178d47db3,minecraft:item,true,Egg,[null]
